{
    "odczyt1": [
        60.2702,
        60.2706,
        60.271
    ],
    "odczyt2": [
        260.2679,
        260.2688,
        260.2686
    ],
    "v": [
        -0.67,
        1.83,
        -1.17
    ],
    "vv": [
        0.4489000000000001,
        3.3489000000000004,
        1.3688999999999998
    ],
    "mean_v": -0.0,
    "sum_vv": 5.17
}